Mat_2022,No_2022,Runs_2022,HS_2022,Avg_2022,BF_2022,SR_2022,100_2022,50_2022,4s_2022,6s_2022,CT_2022,ST_2022,Mat_2023,No_2023,Runs_2023,HS_2023,Avg_2023,BF_2023,SR_2023,100_2023,50_2023,4s_2023,6s_2023,CT_2023,ST_2023,Mat_2024,No_2024,Runs_2024,HS_2024,Avg_2024,BF_2024,SR_2024,100_2024,50_2024,4s_2024,6s_2024,CT_2024,ST_2024,player_id,player_name
8,1,108,43,18.00,75,144.00,0,0,14,3,4,0,9,0,114,42,19.00,83,137.35,0,0,6,7,4,0,2,0,9,8,4.50,16,56.25,0,0,1,0,2,0,https://www.iplt20.com/teams/gujarat-titans/squad-details/20589,Abhinav Manohar
16,9,481,94*,68.71,337,142.73,0,2,32,23,6,0,16,5,259,46,32.38,178,145.51,0,0,18,13,11,0,9,3,210,55,35.00,139,151.08,0,1,20,8,5,0,https://www.iplt20.com/teams/gujarat-titans/squad-details/187,David Miller
,,,,,,,,,,,,,,,,,,,,,,,,,,,,,,,,,,,,,,,https://www.iplt20.com/teams/gujarat-titans/squad-details/20625,Rahmanullah Gurbaz
16,2,483,96,34.50,365,132.33,0,4,51,11,7,0,17,2,890,129,59.33,564,157.80,3,4,85,33,6,0,12,1,426,104,38.73,289,147.40,1,2,37,15,1,0,https://www.iplt20.com/teams/gujarat-titans/squad-details/3761,Shubman Gill
10,0,157,35,15.70,138,113.77,0,0,23,2,7,1,,,,,,,,,,,,,,2,0,4,4,4.00,6,66.67,0,0,0,0,1,0,https://www.iplt20.com/teams/gujarat-titans/squad-details/290,Matthew Wade
11,1,317,68,31.70,259,122.39,0,3,40,7,11,2,17,1,371,81,23.19,287,129.27,0,2,47,8,9,2,9,0,136,39,15.11,115,118.26,0,0,18,3,5,2,https://www.iplt20.com/teams/gujarat-titans/squad-details/16,Wriddhiman Saha
,,,,,,,,,,,,,,,,,,,,,,,,,,,,,,,,,,,,,,,https://www.iplt20.com/teams/gujarat-titans/squad-details/253,Gurkeerat Mann Singh
15,4,487,87*,44.27,371,131.27,0,4,49,12,4,0,16,4,346,66,31.45,253,136.76,0,2,26,15,8,0,,,,,,,,,,,,,,https://www.iplt20.com/teams/gujarat-titans/squad-details/2740,Hardik Pandya
5,1,145,65*,36.25,114,127.19,0,1,14,3,1,0,8,1,362,96,51.71,256,141.41,0,3,33,12,2,0,12,1,527,103,47.91,373,141.29,1,2,48,16,0,0,https://www.iplt20.com/teams/gujarat-titans/squad-details/20592,B. Sai Sudharsan
2,0,0,0,-,,-,0,0,0,0,0,0,1,0,0,0,0.00,1,0.00,0,0,0,0,0,0,3,0,12,12,12.00,11,109.09,0,0,0,1,2,0,https://www.iplt20.com/teams/gujarat-titans/squad-details/4447,Darshan Nalkande
,,,,,,,,,,,,,1,0,0,0,-,,-,0,0,0,0,2,0,,,,,,,,,,,,,,https://www.iplt20.com/teams/gujarat-titans/squad-details/1740,Jayant Yadav
4,0,19,13,4.75,35,54.29,0,0,1,0,3,0,14,2,301,63*,37.63,188,160.11,0,3,27,15,2,0,7,2,83,17,16.60,72,115.28,0,0,7,2,4,0,https://www.iplt20.com/teams/gujarat-titans/squad-details/1083,Vijay Shankar
5,0,0,0,-,,-,0,0,0,0,3,0,,,,,,,,,,,,,,5,1,13,13,13.00,6,216.67,0,0,0,2,2,0,https://www.iplt20.com/teams/gujarat-titans/squad-details/7123,Sai Kishore
,,,,,,,,,,,,,,,,,,,,,,,,,,,,,,,,,,,,,,,https://www.iplt20.com/teams/gujarat-titans/squad-details/5145,Dominic Drakes
,,,,,,,,,,,,,,,,,,,,,,,,,,,,,,,,,,,,,,,https://www.iplt20.com/teams/gujarat-titans/squad-details/91,Pradeep Sangwan
16,5,217,43*,31.00,147,147.62,0,0,22,9,5,0,17,6,87,20*,21.75,57,152.63,0,0,3,7,8,0,12,2,188,36*,26.86,129,145.74,0,0,24,5,6,0,https://www.iplt20.com/teams/gujarat-titans/squad-details/1749,Rahul Tewatia
9,2,5,4*,5.00,7,71.43,0,0,0,0,1,0,7,2,7,7*,-,12,58.33,0,0,1,0,2,0,,,,,,,,,,,,,,https://www.iplt20.com/teams/gujarat-titans/squad-details/3098,Alzarri Joseph
13,1,5,5,2.50,4,125.00,0,0,1,0,2,0,,,,,,,,,,,,,,,,,,,,,,,,,,,https://www.iplt20.com/teams/gujarat-titans/squad-details/3729,Lockie Ferguson
,,,,,,,,,,,,,,,,,,,,,,,,,,,,,,,,,,,,,,,https://www.iplt20.com/teams/gujarat-titans/squad-details/94,Mohammad Shami
,,,,,,,,,,,,,13,1,8,7*,4.00,9,88.89,0,0,1,0,2,0,10,2,5,4,2.50,9,55.56,0,0,1,0,5,0,https://www.iplt20.com/teams/gujarat-titans/squad-details/20590,Noor Ahmad
16,4,91,40,22.75,44,206.82,0,0,3,9,7,0,17,5,130,79*,32.50,60,216.67,0,1,8,13,10,0,12,3,102,31,20.40,71,143.66,0,0,11,3,5,0,https://www.iplt20.com/teams/gujarat-titans/squad-details/2885,Rashid Khan
2,0,0,0,-,,-,0,0,0,0,0,0,,,,,,,,,,,,,,,,,,,,,,,,,,,https://www.iplt20.com/teams/gujarat-titans/squad-details/61,Varun Aaron
9,0,0,0,0.00,1,0.00,0,0,0,0,1,0,5,0,0,0,-,,-,0,0,0,0,1,0,,,,,,,,,,,,,,https://www.iplt20.com/teams/gujarat-titans/squad-details/20591,Yash Dayal
,,,,,,,,,,,,,1,0,0,0,-,,-,0,0,0,0,0,0,2,0,27,26,13.50,27,100.00,0,0,4,0,1,0,https://www.iplt20.com/teams/gujarat-titans/squad-details/440,Kane Williamson
,,,,,,,,,,,,,,,,,,,,,,,,,,,,,,,,,,,,,,,https://www.iplt20.com/teams/gujarat-titans/squad-details/5653,Urvil Patel
,,,,,,,,,,,,,,,,,,,,,,,,,,,,,,,,,,,,,,,https://www.iplt20.com/teams/gujarat-titans/squad-details/2734,K.S Bharat
,,,,,,,,,,,,,,,,,,,,,,,,,,,,,,,,,,,,,,,https://www.iplt20.com/teams/gujarat-titans/squad-details/20600,Odean Smith
,,,,,,,,,,,,,,,,,,,,,,,,,,,,,,,,,,,,,,,https://www.iplt20.com/teams/gujarat-titans/squad-details/1095,Dasun shanaka
,,,,,,,,,,,,,,,,,,,,,,,,,,,,,,,,,,,,,,,https://www.iplt20.com/teams/gujarat-titans/squad-details/3779,Shivam Mavi
,,,,,,,,,,,,,10,0,0,0,-,,-,0,0,0,0,5,0,1,0,0,0,-,,-,0,0,0,0,0,0,https://www.iplt20.com/teams/gujarat-titans/squad-details/5683,Joshua Little
,,,,,,,,,,,,,14,1,0,0*,-,1,0.00,0,0,0,0,6,0,12,1,4,4,2.00,15,26.67,0,0,0,0,4,0,https://www.iplt20.com/teams/gujarat-titans/squad-details/1107,Mohit Sharma
,,,,,,,,,,,,,,,,,,,,,,,,,,1,0,2,2,2.00,5,40.00,0,0,0,0,1,0,https://www.iplt20.com/teams/gujarat-titans/squad-details/20723,BR Sharath
,,,,,,,,,,,,,,,,,,,,,,,,,,7,0,42,17,10.50,33,127.27,0,0,2,2,0,0,https://www.iplt20.com/teams/gujarat-titans/squad-details/20685,Azmatullah Omarzai
,,,,,,,,,,,,,,,,,,,,,,,,,,7,0,127,58,18.14,75,169.33,0,1,9,9,6,0,https://www.iplt20.com/teams/gujarat-titans/squad-details/7779,Shahrukh Khan
,,,,,,,,,,,,,,,,,,,,,,,,,,5,0,0,0,-,,-,0,0,0,0,2,0,https://www.iplt20.com/teams/gujarat-titans/squad-details/1092,Sandeep Warrier
,,,,,,,,,,,,,,,,,,,,,,,,,,1,0,0,0,-,,-,0,0,0,0,0,0,https://www.iplt20.com/teams/gujarat-titans/squad-details/10059,Kartik Tyagi
,,,,,,,,,,,,,,,,,,,,,,,,,,,,,,,,,,,,,,,https://www.iplt20.com/teams/gujarat-titans/squad-details/20695,Sushant Mishra
,,,,,,,,,,,,,,,,,,,,,,,,,,5,3,6,5*,-,7,85.71,0,0,1,0,1,0,https://www.iplt20.com/teams/gujarat-titans/squad-details/20699,Spencer Johnson
,,,,,,,,,,,,,,,,,,,,,,,,,,7,1,12,10*,12.00,15,80.00,0,0,0,1,1,0,https://www.iplt20.com/teams/gujarat-titans/squad-details/59,Umesh Yadav
,,,,,,,,,,,,,,,,,,,,,,,,,,1,0,1,1,1.00,2,50.00,0,0,0,0,0,0,https://www.iplt20.com/teams/gujarat-titans/squad-details/20692,Manav Suthar
